Price,Close,High,Low,Open,Volume
Ticker,RENT3.SA,RENT3.SA,RENT3.SA,RENT3.SA,RENT3.SA
Date,,,,,
2023-01-02,51.08148956298828,51.82902145385742,50.36385726928711,51.82902145385742,4893289
2023-01-03,49.82563018798828,51.17119216918945,49.46681594848633,51.0715217590332,7363009
2023-01-04,50.413692474365234,50.991783142089844,49.706024169921875,50.29408645629883,4559391
2023-01-05,50.83230972290039,51.76921844482422,50.3837890625,50.70273971557617,7892651
2023-01-06,51.79912185668945,52.67622756958008,50.603065490722656,50.82234191894531,4244957
2023-01-09,51.73931884765625,52.65629196166992,50.76253890991211,51.76921844482422,4639053
2023-01-10,53.40382766723633,53.922115325927734,51.11138916015625,51.30076599121094,7068842
2023-01-11,54.83909225463867,55.546756744384766,52.895503997802734,53.20448684692383,6636721
2023-01-12,54.350704193115234,55.377315521240234,53.30415725708008,55.357383728027344,5052813
2023-01-13,53.53340148925781,53.67293930053711,52.59648895263672,53.443695068359375,7620857
2023-01-16,53.57326889038086,54.08159255981445,52.94533920288086,53.144683837890625,4216263
2023-01-17,55.40721893310547,55.67633056640625,53.40382766723633,53.822444915771484,10345716
2023-01-18,57.759456634521484,58.19801330566406,56.01521301269531,56.41389846801758,13702755
2023-01-19,56.722877502441406,57.859130859375,55.87567138671875,57.02189254760742,8907789
2023-01-20,55.01850128173828,56.61323928833008,54.91883087158203,56.274356842041016,6987174
2023-01-23,56.1447868347168,57.101627349853516,54.84906005859375,54.91883087158203,6957978
2023-01-24,58.03853988647461,58.14817428588867,56.3441276550293,56.3441276550293,6497664
2023-01-25,58.99538040161133,59.44390106201172,56.81258010864258,58.23788070678711,6073670
2023-01-26,59.09505081176758,59.67314529418945,58.09833908081055,59.25452423095703,4175930
2023-01-27,58.64653015136719,59.20469284057617,58.367454528808594,59.085086822509766,4352511
2023-01-30,58.30765151977539,59.35419845581055,58.0584716796875,58.835906982421875,3999450
2023-01-31,59.015316009521484,59.6532096862793,58.09833908081055,58.30765151977539,7247530
2023-02-01,58.33755111694336,60.07183074951172,57.729557037353516,58.8857421875,6844504
2023-02-02,59.95222473144531,60.68979263305664,57.908966064453125,57.908966064453125,8621447
2023-02-03,57.739524841308594,59.6532096862793,57.37074279785156,59.42396545410156,6526057
2023-02-06,57.61991882324219,58.487056732177734,56.77271270751953,58.078407287597656,5847526
2023-02-07,57.101627349853516,58.01860427856445,56.95212173461914,57.61991882324219,7719782
2023-02-08,58.357486724853516,58.487056732177734,57.02189254760742,57.59001541137695,7264184
2023-02-09,56.483665466308594,58.556827545166016,56.33415985107422,58.40732192993164,5163678
2023-02-10,56.623207092285156,57.12156295776367,55.895606994628906,56.533504486083984,7692292
2023-02-13,56.41389846801758,57.77939224243164,56.15475082397461,56.802616119384766,3442719
2023-02-14,55.277645111083984,56.95212173461914,54.94873046875,56.87238311767578,5728435
2023-02-15,56.43383026123047,57.57008361816406,54.540077209472656,55.36735153198242,7559355
2023-02-16,57.89899826049805,58.2578125,55.15803909301758,56.30426025390625,7771854
2023-02-17,57.50031280517578,57.67972183227539,56.354095458984375,57.380706787109375,4232817
2023-02-22,55.357383728027344,56.20458984375,54.49024200439453,55.96537780761719,4667045
2023-02-23,55.1480712890625,56.533504486083984,54.70951843261719,55.12813949584961,4271845
2023-02-24,54.819156646728516,55.29758071899414,54.171295166015625,55.098236083984375,4307463
2023-02-27,54.63975143432617,55.39725112915039,54.19123077392578,55.01850128173828,3000365
2023-02-28,55.30754852294922,56.04511260986328,54.37063980102539,54.520145416259766,6910521
2023-03-01,53.144683837890625,55.22780990600586,52.42704772949219,55.21784210205078,8945513
2023-03-02,52.965274810791016,54.350704193115234,52.50678634643555,52.985206604003906,9467128
2023-03-03,52.77589797973633,53.64303970336914,52.42704772949219,53.10481262207031,5169397
2023-03-06,53.164615631103516,53.971954345703125,52.138004302978516,53.15464782714844,10895123
2023-03-07,53.2343864440918,54.071624755859375,52.58652114868164,52.82573318481445,5542724
2023-03-08,55.81586837768555,56.33415985107422,53.2343864440918,53.2343864440918,9270481
2023-03-09,55.7760009765625,57.1713981628418,55.546756744384766,55.825836181640625,10950204
2023-03-10,54.729454040527344,55.556724548339844,54.28093338012695,55.21784210205078,6289479
2023-03-13,54.56001281738281,54.84906005859375,53.2343864440918,54.340736389160156,5445906
2023-03-14,52.337345123291016,54.87895965576172,52.267574310302734,54.47031021118164,7920241
2023-03-15,52.7260627746582,53.40382766723633,47.44348907470703,48.80898666381836,22275943
2023-03-16,55.60655975341797,55.98530960083008,52.70612716674805,52.75596237182617,11720738
2023-03-17,53.56330108642578,55.11817169189453,52.716094970703125,54.87895965576172,14047287
2023-03-20,52.885536193847656,54.0616569519043,52.22770690917969,53.53340148925781,5550550
2023-03-21,51.8987922668457,53.58323669433594,51.66954803466797,52.995174407958984,5054017
2023-03-22,51.82902145385742,53.244354248046875,51.22102737426758,51.58980941772461,6257073
2023-03-23,49.89540100097656,52.17787170410156,49.048194885253906,51.8987922668457,8622551
2023-03-24,51.12135696411133,51.430335998535156,49.8156623840332,50.34392166137695,6916140
2023-03-27,51.6994514465332,52.35728073120117,50.692771911621094,51.66954803466797,5976450
2023-03-28,53.274253845214844,53.39385986328125,51.19112777709961,51.59977722167969,6526559
2023-03-29,52.99966812133789,53.618263244628906,51.882205963134766,53.059532165527344,4925056
2023-03-30,54.895362854003906,57.060447692871094,54.147064208984375,54.17699432373047,15618179
2023-03-31,53.27903366088867,55.294456481933594,52.889915466308594,54.825523376464844,10657842
2023-04-03,51.98197937011719,53.17926025390625,51.5828857421875,53.08946228027344,9574188
2023-04-04,53.06950759887695,54.02733612060547,52.18152618408203,52.351139068603516,6679130
2023-04-05,52.69036865234375,53.40873718261719,52.101707458496094,52.879940032958984,5688385
2023-04-06,52.12166213989258,53.199214935302734,51.77245330810547,52.381072998046875,5579639
2023-04-10,51.91213607788086,52.86996078491211,51.602840423583984,52.08175277709961,3886103
2023-04-11,56.67133331298828,56.97065353393555,53.189239501953125,53.189239501953125,16544878
2023-04-12,57.369747161865234,60.04367446899414,56.8010368347168,56.94071960449219,18585501
2023-04-13,57.8187255859375,58.66680145263672,56.75114822387695,58.147979736328125,8665128
2023-04-14,57.299903869628906,58.23777389526367,56.67133331298828,57.26997375488281,5559092
2023-04-17,57.74888610839844,58.23777389526367,57.04049301147461,57.4395866394043,5498856
2023-04-18,56.741172790527344,58.20784378051758,56.252281188964844,58.02825164794922,5037511
2023-04-19,54.72574996948242,56.0128288269043,54.16701889038086,56.0128288269043,9742970
2023-04-20,56.3919677734375,56.491737365722656,54.66588592529297,55.0051155090332,8766558
2023-04-24,56.37200927734375,57.18017578125,55.87314224243164,56.47178649902344,4962942
2023-04-25,56.07269287109375,56.36203384399414,55.51395797729492,55.952964782714844,4490271
2023-04-26,56.47178649902344,56.9207649230957,55.35432052612305,56.07269287109375,4134766
2023-04-27,57.509429931640625,57.5593147277832,56.44185256958008,56.47178649902344,4435748
2023-04-28,57.87858963012695,58.36748123168945,57.030517578125,57.59922409057617,6085084
2023-05-02,55.903076171875,57.63913345336914,55.4141845703125,57.299903869628906,5978142
2023-05-03,56.521671295166016,56.96067428588867,55.384254455566406,55.89310073852539,3414935
2023-05-04,57.469520568847656,58.26770782470703,56.57155990600586,57.56929397583008,4806087
2023-05-05,58.21781921386719,59.11578369140625,57.30988311767578,57.5593147277832,5524815
2023-05-08,58.0482063293457,59.25546646118164,57.828704833984375,58.47723388671875,3800709
2023-05-09,58.7965087890625,59.734378814697266,57.58924865722656,57.619178771972656,4174957
2023-05-10,59.913970947265625,60.2232666015625,58.80648422241211,58.87632369995117,10404970
2023-05-11,61.69991683959961,62.23868942260742,59.564762115478516,59.564762115478516,12927283
2023-05-12,61.39061737060547,62.34844207763672,60.94163513183594,61.69991683959961,6659084
2023-05-15,61.1212272644043,62.0990104675293,60.76204299926758,61.480411529541016,6071052
2023-05-16,60.99152374267578,62.49810028076172,59.784263610839844,60.4826774597168,10499784
2023-05-17,62.108985900878906,62.31850814819336,61.380638122558594,61.74980163574219,6474967
2023-05-18,62.79742431640625,62.97701644897461,61.470436096191406,62.05909729003906,7558622
2023-05-19,63.16658401489258,63.51579284667969,62.288578033447266,63.15660858154297,11540943
2023-05-22,63.16658401489258,64.62327575683594,62.98699188232422,62.98699188232422,9486589
2023-05-23,62.8572883605957,64.0545654296875,62.07905578613281,62.817378997802734,7881253
2023-05-24,62.53801345825195,63.44594955444336,61.80966567993164,62.44821548461914,9494708
2023-05-25,63.79515838623047,66.16976928710938,63.08676528930664,64.16432189941406,11941450
2023-05-26,64.09447479248047,65.10218811035156,63.17656326293945,64.7629623413086,5841131
2023-05-29,64.08450317382812,64.30400085449219,63.53574752807617,64.09447479248047,2559397
2023-05-30,63.066810607910156,65.1820068359375,62.66771697998047,64.85275268554688,8587553
2023-05-31,61.89946365356445,63.266357421875,61.89946365356445,63.266357421875,20534716
2023-06-01,65.38155364990234,66.14981079101562,62.358421325683594,62.61783218383789,8863979
2023-06-02,66.00015258789062,68.37476348876953,65.69085693359375,65.93031311035156,7451178
2023-06-05,66.3393783569336,66.648681640625,65.43144226074219,65.57112121582031,4670379
2023-06-06,67.64641571044922,68.20514678955078,66.06001281738281,66.24958801269531,8600783
2023-06-07,67.39698028564453,68.73394775390625,66.60877227783203,67.4368896484375,6852121
2023-06-09,68.02555084228516,69.86138153076172,67.66636657714844,68.09539031982422,10753459
2023-06-12,67.07770538330078,68.84369659423828,66.947998046875,68.45458221435547,6754901
2023-06-13,65.6708984375,67.54663848876953,65.10218811035156,67.54663848876953,11174212
2023-06-14,66.92804718017578,67.03779602050781,65.56114959716797,66.03008270263672,9066337
2023-06-15,66.48904418945312,67.50672912597656,66.32940673828125,66.87815856933594,7586685
2023-06-16,64.93257141113281,65.820556640625,64.16432189941406,64.35388946533203,17488817
2023-06-19,67.4668197631836,67.4668197631836,64.5135269165039,64.85275268554688,8392812
2023-06-20,66.9180679321289,67.4668197631836,66.37928771972656,67.34709167480469,5613616
2023-06-21,67.22736358642578,67.22736358642578,66.09992218017578,66.93801879882812,5542154
2023-06-22,67.69629669189453,67.9557113647461,65.71080780029297,66.68859100341797,4923553
2023-06-23,67.34709167480469,68.36478424072266,67.13756561279297,67.84596252441406,6153038
2023-06-26,67.34709167480469,68.02555084228516,66.62872314453125,67.26727294921875,5008645
2023-06-27,66.41919708251953,67.08768463134766,64.86273193359375,66.84822845458984,12369219
2023-06-28,66.19969940185547,67.08768463134766,65.81058502197266,66.24958801269531,9382253
2023-06-29,68.14527893066406,68.14527893066406,66.41919708251953,66.86817932128906,27625078
2023-06-30,68.3448257446289,69.202880859375,67.63643646240234,68.61421966552734,11866480
2023-07-03,68.97340393066406,69.19290161132812,67.52668762207031,68.58428192138672,3737767
2023-07-04,68.79380798339844,69.79154205322266,68.52442169189453,68.52442169189453,3603763
2023-07-05,69.7217025756836,70.1407470703125,67.78609466552734,68.52442169189453,4400768
2023-07-06,69.09313201904297,69.60197448730469,68.14527893066406,68.92351531982422,6522174
2023-07-07,69.98110961914062,70.57975769042969,69.03326416015625,69.13304138183594,5801441
2023-07-10,69.5720443725586,69.86138153076172,68.73394775390625,69.74165344238281,4271375
2023-07-11,69.31262969970703,69.31262969970703,67.4069595336914,69.15299224853516,5453854
2023-07-12,70.04097747802734,70.58972930908203,69.74165344238281,70.13077545166016,8173815
2023-07-13,69.9611587524414,71.24823760986328,69.63190460205078,70.61965942382812,6643950
2023-07-14,68.32487487792969,70.13077545166016,68.24505615234375,70.13077545166016,5661324
2023-07-17,69.22283172607422,69.45231628417969,67.88587188720703,68.45458221435547,4045764
2023-07-18,69.0831527709961,69.77159118652344,68.26500701904297,69.43235778808594,3336458
2023-07-19,69.30265045166016,69.65186309814453,67.45684051513672,69.0831527709961,4884765
2023-07-20,69.82147216796875,70.29041290283203,69.26274108886719,69.78156280517578,3711106
2023-07-21,70.17068481445312,70.81920623779297,68.89358520507812,69.44233703613281,5506072
2023-07-24,69.39244842529297,70.52986907958984,68.99335479736328,69.94120025634766,5367559
2023-07-25,68.00559997558594,70.2105941772461,67.91580200195312,70.2105941772461,6170578
2023-07-26,67.89584350585938,68.16523742675781,67.17747497558594,67.90582275390625,5112681
2023-07-27,66.00015258789062,68.77385711669922,65.66091918945312,67.84596252441406,6596242
2023-07-28,66.58881378173828,66.65865325927734,65.66091918945312,66.16976928710938,3812937
2023-07-31,67.0677261352539,67.50672912597656,66.28949737548828,66.88813781738281,5980447
2023-08-01,67.34709167480469,67.5566177368164,66.16976928710938,66.54890441894531,3433678
2023-08-02,67.49674987792969,67.69629669189453,66.4291763305664,67.33711242675781,3897027
2023-08-03,66.56886291503906,68.21511840820312,66.24958801269531,67.94573211669922,6698173
2023-08-04,66.86817932128906,67.87589263916016,66.00015258789062,66.55888366699219,3850221
2023-08-07,66.23960876464844,67.25729370117188,65.96024322509766,67.24732208251953,2752835
2023-08-08,66.21965026855469,66.39924621582031,65.16205596923828,65.85049438476562,3324731
2023-08-09,66.06999206542969,66.58881378173828,65.61103820800781,66.06001281738281,4837057
2023-08-10,66.39924621582031,67.92578125,66.19969940185547,66.84822845458984,4853494
2023-08-11,66.4591064453125,66.89810943603516,65.88042449951172,66.39924621582031,3468256
2023-08-14,64.1244125366211,66.81829071044922,63.72531509399414,66.81829071044922,6254067
2023-08-15,64.84278106689453,65.59107971191406,62.72758102416992,63.44594955444336,10058986
2023-08-16,63.94481658935547,65.90037536621094,63.80513381958008,63.954795837402344,7056184
2023-08-17,62.607852935791016,64.53347778320312,62.597877502441406,63.785179138183594,7101787
2023-08-18,62.827354431152344,63.47588348388672,61.939369201660156,62.33846664428711,8180631
2023-08-21,62.358421325683594,62.75751495361328,61.77973175048828,62.19878387451172,5390911
2023-08-22,64.55343627929688,64.63325500488281,62.53801345825195,62.7375602722168,6558456
2023-08-23,66.24958801269531,66.87815856933594,64.1244125366211,64.70309448242188,9066337
2023-08-24,65.38155364990234,66.40922546386719,65.33167266845703,66.07997131347656,6215580
2023-08-25,62.86726379394531,65.53121948242188,62.6278076171875,65.38155364990234,5160189
2023-08-28,62.71760559082031,63.17656326293945,61.979278564453125,63.12667465209961,4109910
2023-08-29,63.4958381652832,64.13438415527344,62.80739974975586,62.93710708618164,3964079
2023-08-30,63.32622146606445,63.954795837402344,62.927127838134766,63.85502243041992,3117161
2023-08-31,63.106719970703125,63.99470520019531,61.75978088378906,62.957061767578125,10634389
2023-09-01,63.58563232421875,64.38381958007812,63.21647262573242,63.605587005615234,6666501
2023-09-04,63.20649337768555,64.15434265136719,62.98699188232422,63.34617614746094,1912231
2023-09-05,62.06907653808594,62.917152404785156,61.76975631713867,62.22871398925781,3886904
2023-09-06,60.4527473449707,62.458194732666016,60.28313064575195,62.07905578613281,6581308
2023-09-08,60.21329116821289,60.95161437988281,59.913970947265625,60.49265670776367,6275415
2023-09-11,61.10127258300781,61.510345458984375,59.874061584472656,60.44276809692383,5410055
2023-09-12,62.02916717529297,62.358421325683594,60.712158203125,61.011478424072266,4884665
2023-09-13,62.787445068359375,63.9049072265625,61.7298469543457,62.41828536987305,4528758
2023-09-14,61.67995834350586,62.8872184753418,61.07134246826172,62.65774154663086,5476806
2023-09-15,60.16340255737305,61.76975631713867,59.704444885253906,61.660003662109375,10534764
2023-09-18,59.82417297363281,61.04140853881836,59.80421829223633,60.29310989379883,4419812
2023-09-19,59.76430892944336,60.193336486816406,59.16566848754883,59.464988708496094,7943393
2023-09-20,59.61465072631836,60.9715690612793,59.61465072631836,60.13347244262695,4693331
2023-09-21,58.37745666503906,58.9461669921875,57.5593147277832,58.44729995727539,7839759
2023-09-22,58.018272399902344,58.77655029296875,57.649112701416016,58.457275390625,5616823
2023-09-25,57.73890686035156,58.40739059448242,57.73890686035156,58.018272399902344,4182374
2023-09-26,57.21010971069336,57.649112701416016,56.46180725097656,57.27994918823242,7525347
2023-09-27,56.46180725097656,58.018272399902344,55.254547119140625,57.70897674560547,9467947
2023-09-28,57.06003952026367,57.33974838256836,55.591583251953125,55.94121551513672,6344259
2023-09-29,58.498531341552734,58.898109436035156,57.63943099975586,57.80925369262695,13170124
2023-10-02,56.44069290161133,58.19884490966797,56.210933685302734,58.17886734008789,6741476
2023-10-03,55.04216384887695,56.17097473144531,54.92228698730469,55.79137420654297,7593470
2023-10-04,55.4817008972168,55.99116516113281,55.15204620361328,55.21198272705078,6428047
2023-10-05,55.441741943359375,56.061092376708984,54.84237289428711,55.4916877746582,5283946
2023-10-06,54.50272750854492,55.00220489501953,53.36392593383789,54.74247741699219,13786171
2023-10-09,54.642581939697266,55.12207794189453,53.683589935302734,54.023231506347656,5416385
2023-10-10,56.01114273071289,56.310829162597656,54.71250915527344,54.94226837158203,5007356
2023-10-11,55.531646728515625,56.35078430175781,55.08211898803711,56.14100646972656,4285998
2023-10-13,53.73353576660156,55.4217643737793,53.70356750488281,55.4217643737793,7782168
2023-10-16,53.29399871826172,54.26298141479492,52.944366455078125,54.13311767578125,3731717
2023-10-17,52.93437576293945,53.79347229003906,52.325016021728516,52.65467071533203,7269831
2023-10-18,51.01639175415039,52.49483871459961,50.716705322265625,52.24510192871094,10397614
2023-10-19,51.01639175415039,51.805564880371094,50.5568733215332,50.61681365966797,8066467
2023-10-20,50.94646453857422,50.99641418457031,50.09735870361328,50.58684158325195,9053002
2023-10-23,51.66571044921875,52.474857330322266,50.12732696533203,50.5568733215332,12511733
2023-10-24,52.55477523803711,52.824493408203125,51.965396881103516,52.06528854370117,7219077
2023-10-25,51.306087493896484,52.54478454589844,51.186214447021484,52.54478454589844,5611590
2023-10-26,52.18516540527344,52.54478454589844,51.465919494628906,51.70566940307617,7770056
2023-10-27,50.387054443359375,52.30503845214844,50.22722244262695,51.85551071166992,4711946
2023-10-30,50.2571907043457,51.395992279052734,49.96749496459961,50.61681365966797,6157463
2023-10-31,50.81660079956055,51.26612854003906,50.20724105834961,50.20724105834961,7398666
2023-11-01,51.865501403808594,52.21513366699219,50.746673583984375,51.276119232177734,9752336
2023-11-03,54.752464294433594,55.34184646606445,53.44384002685547,53.67359924316406,15227283
2023-11-06,53.953304290771484,55.64153289794922,53.843421936035156,55.39179229736328,6425745
2023-11-07,55.28190994262695,55.3718147277832,53.76350402832031,53.813453674316406,8381297
2023-11-08,55.441741943359375,56.11103820800781,54.99221420288086,55.411773681640625,5449620
2023-11-09,55.1920051574707,56.11103820800781,54.89231872558594,55.94121551513672,6156061
2023-11-10,56.62050247192383,57.03007125854492,55.30188751220703,55.81135177612305,9158713
2023-11-13,55.24195098876953,56.54058837890625,55.24195098876953,56.54058837890625,5440110
2023-11-14,58.93806838989258,60.406524658203125,56.490638732910156,56.490638732910156,16649476
2023-11-16,60.83607482910156,61.215675354003906,58.868141174316406,59.2777099609375,11686467
2023-11-17,60.73617935180664,61.41546630859375,60.3066291809082,61.335548400878906,8427746
2023-11-20,60.81609344482422,61.205684661865234,60.09685134887695,60.80610656738281,5503176
2023-11-21,59.97697448730469,61.025875091552734,59.107887268066406,60.81609344482422,4195403
2023-11-22,60.13680648803711,61.385494232177734,60.11682891845703,60.6562614440918,6405724
2023-11-23,60.6562614440918,60.92597961425781,59.67729187011719,60.13680648803711,3670052
2023-11-24,59.73722839355469,60.56635665893555,59.417564392089844,60.1867561340332,3715700
2023-11-27,58.93806838989258,60.21672439575195,58.26877212524414,60.04690170288086,5818908
2023-11-28,58.99800491333008,59.40757369995117,58.23880386352539,59.0379638671875,6147953
2023-11-29,59.16782760620117,59.787174224853516,58.888118743896484,58.99800491333008,6280792
2023-11-30,59.97697448730469,60.38654708862305,59.297691345214844,59.597373962402344,8901043
2023-12-01,60.67624282836914,60.67624282836914,59.18780517578125,60.29663848876953,11592368
2023-12-04,60.586334228515625,60.93596649169922,60.08686065673828,60.3066291809082,3831722
2023-12-05,60.73617935180664,61.4454345703125,60.20673370361328,60.7761344909668,5753239
2023-12-06,61.00589370727539,61.61525344848633,60.50642013549805,61.03586196899414,3624604
2023-12-07,61.425453186035156,61.765098571777344,60.68622970581055,61.01588439941406,4271283
2023-12-08,61.01588439941406,61.96488571166992,60.44648361206055,61.425453186035156,4512937
2023-12-11,61.06583023071289,61.425453186035156,60.616302490234375,60.76614761352539,3472645
2023-12-12,60.45647048950195,61.31557083129883,59.76719665527344,61.07582092285156,3776063
2023-12-13,62.85395431518555,63.553218841552734,60.286651611328125,60.48644256591797,8413932
2023-12-14,65.24144744873047,65.77088928222656,62.933868408203125,62.933868408203125,16957099
2023-12-15,63.9727783203125,66.0306167602539,63.93281936645508,65.45122528076172,6799036
2023-12-18,64.30242919921875,64.83187866210938,63.47330093383789,64.59212493896484,5406775
2023-12-19,64.28245544433594,65.01168823242188,64.2225112915039,64.54217529296875,5347713
2023-12-20,63.14365005493164,64.46226501464844,63.023773193359375,64.29244232177734,7276438
2023-12-21,64.46226501464844,64.5621566772461,63.623146057128906,63.922828674316406,5651532
2023-12-22,64.4522705078125,65.11157989501953,63.88287353515625,64.3823471069336,4408527
2023-12-26,64.13260650634766,64.85185241699219,63.583187103271484,64.85185241699219,5962158
2023-12-27,63.599998474121094,63.79999923706055,62.83000183105469,63.79999923706055,4905300
2023-12-28,63.599998474121094,63.900001525878906,63.209999084472656,63.45000076293945,3404700
2024-01-02,61.2599983215332,63.5099983215332,60.91999816894531,63.33000183105469,7037300
2024-01-03,60.900001525878906,61.619998931884766,60.34000015258789,61.220001220703125,5667700
2024-01-04,59.630001068115234,61.130001068115234,59.220001220703125,60.900001525878906,7653400
2024-01-05,60.5,61.16999816894531,59.209999084472656,59.47999954223633,7448200
2024-01-08,62.79999923706055,63.34000015258789,59.9900016784668,60.29999923706055,5556800
2024-01-09,62.209999084472656,62.93000030517578,62.0,62.38999938964844,3826500
2024-01-10,63.0,63.36000061035156,62.16999816894531,62.689998626708984,6144500
2024-01-11,61.0099983215332,62.88999938964844,61.0099983215332,62.63999938964844,5918800
2024-01-12,61.0,62.2599983215332,60.11000061035156,60.66999816894531,5675400
2024-01-15,61.18000030517578,61.5,59.70000076293945,61.0099983215332,2178400
2024-01-16,60.279998779296875,60.79999923706055,60.029998779296875,60.310001373291016,5204200
2024-01-17,60.939998626708984,61.189998626708984,60.0099983215332,60.06999969482422,4370300
2024-01-18,59.36000061035156,61.5,59.36000061035156,61.209999084472656,5815100
2024-01-19,60.09000015258789,60.56999969482422,58.2400016784668,59.58000183105469,5720700
2024-01-22,58.709999084472656,60.61000061035156,58.43000030517578,60.209999084472656,4311600
2024-01-23,59.220001220703125,59.65999984741211,58.349998474121094,59.16999816894531,6818500
2024-01-24,58.630001068115234,59.93000030517578,58.38999938964844,59.790000915527344,9629800
2024-01-25,58.36000061035156,59.099998474121094,58.2599983215332,58.61000061035156,3798600
2024-01-26,56.2400016784668,58.900001525878906,56.040000915527344,58.900001525878906,10955800
2024-01-29,55.45000076293945,57.310001373291016,55.040000915527344,56.22999954223633,7615500
2024-01-30,54.4900016784668,55.650001525878906,53.849998474121094,55.099998474121094,11611000
2024-01-31,54.119998931884766,55.81999969482422,54.119998931884766,54.59000015258789,14076900
2024-02-01,54.47999954223633,54.709999084472656,53.56999969482422,54.36000061035156,7681900
2024-02-02,53.560001373291016,54.779998779296875,53.31999969482422,54.47999954223633,7142400
2024-02-05,53.7400016784668,54.16999816894531,52.959999084472656,53.369998931884766,5464400
2024-02-06,52.689998626708984,54.209999084472656,52.08000183105469,52.86000061035156,16502000
2024-02-07,53.52000045776367,53.970001220703125,51.900001525878906,52.689998626708984,11692900
2024-02-08,52.650001525878906,53.79999923706055,51.7400016784668,53.2599983215332,6017300
2024-02-09,52.5,53.380001068115234,52.36000061035156,52.650001525878906,2738500
2024-02-14,52.0,52.220001220703125,51.36000061035156,52.0,6696800
2024-02-15,52.130001068115234,52.540000915527344,51.65999984741211,52.20000076293945,4636600
2024-02-16,51.86000061035156,52.560001373291016,51.31999969482422,52.33000183105469,6153300
2024-02-19,52.560001373291016,52.56999969482422,51.43000030517578,51.43000030517578,2846100
2024-02-20,54.040000915527344,54.40999984741211,52.220001220703125,52.400001525878906,9960500
2024-02-21,53.95000076293945,54.34000015258789,53.18000030517578,54.040000915527344,6094900
2024-02-22,53.5099983215332,54.75,53.369998931884766,54.29999923706055,6113500
2024-02-23,53.189998626708984,53.88999938964844,52.209999084472656,53.88999938964844,5948300
2024-02-26,52.09000015258789,53.72999954223633,52.09000015258789,53.18000030517578,5304500
2024-02-27,54.5,54.5,52.540000915527344,53.0,7524200
2024-02-28,53.86000061035156,54.45000076293945,53.369998931884766,54.45000076293945,5057200
2024-02-29,53.0,53.79999923706055,52.689998626708984,53.59000015258789,7029800
2024-03-01,52.5,53.619998931884766,52.5,53.0099983215332,5903800
2024-03-04,51.16999816894531,52.900001525878906,51.0099983215332,52.400001525878906,10150200
2024-03-05,50.81999969482422,51.90999984741211,50.68000030517578,51.41999816894531,9877100
2024-03-06,51.33000183105469,52.119998931884766,50.72999954223633,51.0,20720500
2024-03-07,53.16999816894531,53.25,51.08000183105469,51.77000045776367,12279700
2024-03-08,53.150001525878906,54.72999954223633,52.4900016784668,53.060001373291016,8403700
2024-03-11,52.29999923706055,53.189998626708984,52.20000076293945,52.880001068115234,8745600
2024-03-12,53.599998474121094,54.849998474121094,52.31999969482422,54.400001525878906,10425700
2024-03-13,54.5,54.709999084472656,53.0099983215332,53.70000076293945,6176400
2024-03-14,53.91999816894531,54.650001525878906,53.54999923706055,54.22999954223633,10121900
2024-03-15,52.79999923706055,54.119998931884766,52.72999954223633,53.91999816894531,8371700
2024-03-18,52.529998779296875,53.2400016784668,52.150001525878906,53.130001068115234,4707200
2024-03-19,53.25,53.70000076293945,52.290000915527344,52.86000061035156,8371600
2024-03-20,54.70000076293945,54.70000076293945,52.88999938964844,53.08000183105469,5892000
2024-03-21,53.83000183105469,55.040000915527344,53.77000045776367,55.0099983215332,5349800
2024-03-22,52.849998474121094,53.83000183105469,52.689998626708984,53.310001373291016,3842500
2024-03-25,52.5,53.02000045776367,52.0,52.5,6369100
2024-03-26,53.93000030517578,54.83000183105469,52.209999084472656,52.29999923706055,10512100
2024-03-27,53.91999816894531,54.08000183105469,53.0099983215332,53.58000183105469,5526800
2024-03-28,54.68000030517578,55.20000076293945,53.56999969482422,53.81999969482422,8170600
2024-04-01,52.650001525878906,55.09000015258789,52.619998931884766,54.900001525878906,6815900
2024-04-02,52.439998626708984,52.709999084472656,51.5099983215332,51.56999969482422,8932300
2024-04-03,51.849998474121094,52.75,51.720001220703125,52.65999984741211,6010800
2024-04-04,53.40999984741211,54.5,52.209999084472656,52.209999084472656,8525200
2024-04-05,53.18000030517578,53.59000015258789,52.66999816894531,53.220001220703125,5453200
2024-04-08,53.900001525878906,54.060001373291016,52.619998931884766,53.20000076293945,5176400
2024-04-09,55.31999969482422,55.650001525878906,54.130001068115234,54.29999923706055,6145900
2024-04-10,53.59000015258789,55.04999923706055,53.349998474121094,54.95000076293945,6869000
2024-04-11,53.279998779296875,53.63999938964844,53.0,53.59000015258789,5160500
2024-04-12,51.849998474121094,53.439998626708984,51.66999816894531,52.91999816894531,14262200
2024-04-15,50.58000183105469,51.900001525878906,50.58000183105469,51.810001373291016,9887300
2024-04-16,50.06999969482422,51.27000045776367,49.70000076293945,50.0099983215332,11494000
2024-04-17,50.0,50.970001220703125,49.560001373291016,50.310001373291016,8991300
2024-04-18,50.90999984741211,51.310001373291016,49.90999984741211,50.27000045776367,7873800
2024-04-19,50.27000045776367,51.95000076293945,50.27000045776367,50.77000045776367,12906000
2024-04-22,49.540000915527344,50.56999969482422,49.11000061035156,50.560001373291016,10471800
2024-04-23,50.2400016784668,50.470001220703125,48.75,49.16999816894531,6253000
2024-04-24,49.52000045776367,50.9900016784668,49.2599983215332,49.599998474121094,8119200
2024-04-25,48.7400016784668,49.29999923706055,48.209999084472656,49.29999923706055,9388900
2024-04-26,50.5,50.70000076293945,49.150001525878906,49.150001525878906,7623200
2024-04-29,50.54999923706055,50.84000015258789,50.04999923706055,50.04999923706055,3845800
2024-04-30,49.029998779296875,50.439998626708984,48.939998626708984,50.15999984741211,7190100
2024-05-02,48.5099983215332,49.939998626708984,48.15999984741211,49.779998779296875,20064500
2024-05-03,49.880001068115234,50.77000045776367,49.560001373291016,49.70000076293945,15048300
2024-05-06,48.880001068115234,49.959999084472656,48.619998931884766,49.5,5970600
2024-05-07,49.630001068115234,49.79999923706055,48.630001068115234,49.0099983215332,8402800
2024-05-08,50.18000030517578,50.25,48.900001525878906,49.02000045776367,5940900
2024-05-09,49.54999923706055,50.119998931884766,48.91999816894531,49.2599983215332,9013800
2024-05-10,47.0,52.439998626708984,46.599998474121094,52.400001525878906,22108200
2024-05-13,46.29999923706055,47.38999938964844,45.7599983215332,47.310001373291016,17523300
2024-05-14,47.0,47.0,45.70000076293945,46.290000915527344,21302400
2024-05-15,47.880001068115234,48.65999984741211,46.70000076293945,47.0,13438100
2024-05-16,48.630001068115234,48.93000030517578,47.599998474121094,48.650001525878906,11921800
2024-05-17,48.400001525878906,49.41999816894531,48.08000183105469,48.34000015258789,7276800
2024-05-20,47.91999816894531,48.47999954223633,47.400001525878906,47.900001525878906,6365800
2024-05-21,46.619998931884766,48.16999816894531,46.540000915527344,47.91999816894531,8336900
2024-05-22,45.79999923706055,46.7400016784668,45.63999938964844,46.7400016784668,10586600
2024-05-23,45.70000076293945,46.290000915527344,45.13999938964844,45.9900016784668,5318700
2024-05-24,45.400001525878906,46.27000045776367,44.939998626708984,46.27000045776367,6199900
2024-05-27,44.939998626708984,45.38999938964844,44.61000061035156,44.75,3542100
2024-05-28,44.560001373291016,45.959999084472656,44.13999938964844,45.61000061035156,7897000
2024-05-29,44.0,44.29999923706055,43.47999954223633,44.04999923706055,12394900
2024-05-31,42.72999954223633,43.9900016784668,42.349998474121094,43.97999954223633,16540500
2024-06-03,42.650001525878906,43.08000183105469,42.09000015258789,42.880001068115234,9288500
2024-06-04,42.84000015258789,42.84000015258789,41.900001525878906,42.380001068115234,9414000
2024-06-05,43.02000045776367,44.29999923706055,42.880001068115234,43.9900016784668,9943800
2024-06-06,43.70000076293945,44.0099983215332,42.75,42.84000015258789,8681900
2024-06-07,42.75,43.439998626708984,42.29999923706055,42.97999954223633,5530900
2024-06-10,41.86000061035156,42.810001373291016,41.86000061035156,42.33000183105469,4533800
2024-06-11,41.54999923706055,42.41999816894531,41.5099983215332,42.0,7179400
2024-06-12,41.02000045776367,42.209999084472656,40.27000045776367,41.93000030517578,11882200
2024-06-13,40.18000030517578,41.099998474121094,40.099998474121094,41.099998474121094,9478500
2024-06-14,40.41999816894531,40.70000076293945,39.77000045776367,39.91999816894531,8598600
2024-06-17,39.400001525878906,40.09000015258789,39.25,40.09000015258789,8040300
2024-06-18,39.150001525878906,39.900001525878906,38.9900016784668,39.400001525878906,6677900
2024-06-19,39.92580032348633,39.99565505981445,38.91792678833008,39.08757019042969,4652190
2024-06-20,39.546600341796875,40.84386444091797,39.2172966003418,39.96571731567383,9182022
2024-06-21,41.612247467041016,41.89165496826172,39.16740036010742,39.42685317993164,14774792
2024-06-24,42.09123611450195,42.709930419921875,41.532413482666016,41.89165496826172,8690187
2024-06-25,42.14112854003906,42.819698333740234,41.03346633911133,41.54239273071289,11211593
2024-06-26,42.31077194213867,42.52033233642578,40.933677673339844,41.462562561035156,12490885
2024-06-27,42.849998474121094,42.880001068115234,41.709999084472656,42.02000045776367,11556700
2024-06-28,42.0,42.810001373291016,41.2400016784668,42.810001373291016,10629700
2024-07-01,41.77000045776367,43.11000061035156,41.650001525878906,41.86000061035156,9860900
2024-07-02,41.70000076293945,41.97999954223633,41.02000045776367,41.81999969482422,7536200
2024-07-03,42.150001525878906,42.970001220703125,42.04999923706055,42.130001068115234,6503500
2024-07-04,43.599998474121094,44.0,42.56999969482422,42.56999969482422,10443600
2024-07-05,43.7400016784668,43.9900016784668,42.90999984741211,43.470001220703125,7454700
2024-07-08,43.63999938964844,43.90999984741211,43.150001525878906,43.77000045776367,3866900
2024-07-09,44.41999816894531,44.779998779296875,43.349998474121094,43.540000915527344,5540200
2024-07-10,45.25,46.09000015258789,44.72999954223633,44.95000076293945,8892700
2024-07-11,46.599998474121094,46.619998931884766,45.4900016784668,45.79999923706055,8646500
2024-07-12,46.70000076293945,47.27000045776367,46.41999816894531,46.75,12341200
2024-07-15,46.439998626708984,46.79999923706055,46.06999969482422,46.79999923706055,6189100
2024-07-16,45.86000061035156,47.099998474121094,45.86000061035156,46.349998474121094,3308300
2024-07-17,45.130001068115234,46.22999954223633,45.0099983215332,46.0,4662200
2024-07-18,43.470001220703125,45.02000045776367,43.0,45.02000045776367,9506300
2024-07-19,43.40999984741211,43.97999954223633,43.09000015258789,43.470001220703125,6212600
2024-07-22,42.95000076293945,43.79999923706055,42.900001525878906,43.52000045776367,7415700
2024-07-23,43.380001068115234,43.41999816894531,42.29999923706055,42.79999923706055,13656800
2024-07-24,43.29999923706055,43.810001373291016,42.41999816894531,43.189998626708984,6560200
2024-07-25,43.060001373291016,43.63999938964844,42.5,42.779998779296875,9905700
2024-07-26,43.93000030517578,44.040000915527344,42.41999816894531,42.849998474121094,6019600
2024-07-29,42.599998474121094,44.279998779296875,42.540000915527344,43.91999816894531,5681300
2024-07-30,42.040000915527344,42.68000030517578,41.720001220703125,42.29999923706055,6178400
2024-07-31,43.83000183105469,44.0,42.04999923706055,42.13999938964844,10333300
2024-08-01,43.7599983215332,44.7599983215332,43.45000076293945,44.150001525878906,7352800
2024-08-02,45.08000183105469,45.08000183105469,43.54999923706055,43.54999923706055,10079100
2024-08-05,43.939998626708984,44.290000915527344,42.439998626708984,44.150001525878906,9432200
2024-08-06,44.540000915527344,45.0099983215332,43.900001525878906,43.91999816894531,8317800
2024-08-07,48.54999923706055,48.81999969482422,45.5,45.939998626708984,22910600
2024-08-08,48.470001220703125,49.189998626708984,47.93000030517578,48.599998474121094,11639400
2024-08-09,48.849998474121094,49.54999923706055,48.470001220703125,49.189998626708984,5876700
2024-08-12,49.220001220703125,49.849998474121094,48.97999954223633,49.4900016784668,11962400
2024-08-13,48.099998474121094,50.22999954223633,47.59000015258789,49.209999084472656,10930000
2024-08-14,40.0,42.97999954223633,39.400001525878906,41.25,83137200
2024-08-15,39.20000076293945,41.11000061035156,39.040000915527344,40.58000183105469,28346900
2024-08-16,42.599998474121094,42.599998474121094,39.58000183105469,39.70000076293945,33435300
2024-08-19,44.25,44.25,42.65999984741211,42.70000076293945,15038400
2024-08-20,42.970001220703125,44.08000183105469,42.810001373291016,43.709999084472656,9647100
2024-08-21,43.70000076293945,43.959999084472656,42.90999984741211,43.060001373291016,6228900
2024-08-22,41.939998626708984,43.959999084472656,41.90999984741211,43.310001373291016,15339900
2024-08-23,42.29999923706055,42.849998474121094,41.540000915527344,42.290000915527344,9156400
2024-08-26,42.279998779296875,42.849998474121094,42.0,42.43000030517578,5016100
2024-08-27,42.900001525878906,43.06999969482422,42.02000045776367,42.2599983215332,6129800
2024-08-28,42.5,42.88999938964844,42.20000076293945,42.45000076293945,5428300
2024-08-29,41.75,42.849998474121094,41.75,42.599998474121094,7476600
2024-08-30,41.369998931884766,41.43000030517578,40.84000015258789,41.11000061035156,18503200
2024-09-02,41.25,41.54999923706055,40.599998474121094,41.209999084472656,4839700
2024-09-03,40.70000076293945,42.0,40.599998474121094,41.849998474121094,5726300
2024-09-04,41.93000030517578,42.59000015258789,40.70000076293945,41.02000045776367,6830100
2024-09-05,42.4900016784668,42.5,41.790000915527344,42.0,5936700
2024-09-06,42.02000045776367,42.810001373291016,41.93000030517578,42.400001525878906,5696100
2024-09-09,41.54999923706055,42.5,41.54999923706055,42.459999084472656,4958600
2024-09-10,42.0,42.59000015258789,41.06999969482422,41.31999969482422,6554200
2024-09-11,42.36000061035156,42.779998779296875,41.65999984741211,42.650001525878906,6451600
2024-09-12,42.25,42.709999084472656,41.88999938964844,41.900001525878906,4519000
2024-09-13,44.20000076293945,44.20000076293945,42.22999954223633,42.529998779296875,10511500
2024-09-16,43.790000915527344,44.599998474121094,43.790000915527344,44.209999084472656,3941500
2024-09-17,44.290000915527344,44.38999938964844,43.15999984741211,43.65999984741211,4662900
2024-09-18,44.81999969482422,45.970001220703125,43.79999923706055,43.880001068115234,11250200
2024-09-19,44.310001373291016,45.709999084472656,44.25,45.58000183105469,6541100
2024-09-20,43.0,44.45000076293945,42.86000061035156,44.2599983215332,16792000
2024-09-23,42.709999084472656,43.15999984741211,42.27000045776367,43.0,5429200
2024-09-24,43.08000183105469,44.040000915527344,42.27000045776367,43.650001525878906,8423500
2024-09-25,41.880001068115234,43.779998779296875,41.70000076293945,43.0,11527400
2024-09-26,41.79999923706055,42.400001525878906,41.34000015258789,42.06999969482422,7500200
2024-09-27,41.369998931884766,42.06999969482422,41.290000915527344,41.630001068115234,9756300
2024-09-30,41.0,41.88999938964844,41.0,41.88999938964844,4458000
2024-10-01,41.099998474121094,41.70000076293945,40.66999816894531,41.09000015258789,6404700
2024-10-02,41.790000915527344,42.43000030517578,41.45000076293945,41.54999923706055,5038600
2024-10-03,40.5,41.25,40.220001220703125,41.20000076293945,6332200
2024-10-04,41.900001525878906,42.13999938964844,40.52000045776367,40.52000045776367,6997700
2024-10-07,41.41999816894531,42.7400016784668,41.369998931884766,42.630001068115234,4954400
2024-10-08,42.86000061035156,43.040000915527344,41.709999084472656,41.72999954223633,6254000
2024-10-09,41.47999954223633,42.599998474121094,41.099998474121094,42.5,7619100
2024-10-10,41.119998931884766,41.689998626708984,40.86000061035156,41.5,7486800
2024-10-11,41.58000183105469,41.880001068115234,40.4900016784668,40.95000076293945,6397500
2024-10-14,42.459999084472656,42.86000061035156,40.93000030517578,41.56999969482422,6389500
2024-10-15,42.619998931884766,43.119998931884766,42.150001525878906,42.88999938964844,5678100
2024-10-16,43.150001525878906,43.209999084472656,42.150001525878906,42.61000061035156,8018600
2024-10-17,42.650001525878906,42.79999923706055,42.02000045776367,42.58000183105469,7560500
2024-10-18,42.25,43.06999969482422,41.720001220703125,42.790000915527344,6474900
2024-10-21,42.52000045776367,42.900001525878906,42.31999969482422,42.4900016784668,5446300
2024-10-22,42.54999923706055,42.560001373291016,41.869998931884766,42.25,4655700
2024-10-23,42.369998931884766,42.849998474121094,41.90999984741211,42.220001220703125,7786800
2024-10-24,43.5,43.650001525878906,42.279998779296875,42.290000915527344,5447500
2024-10-25,42.130001068115234,43.59000015258789,42.119998931884766,43.380001068115234,6875800
2024-10-28,42.380001068115234,42.88999938964844,42.31999969482422,42.70000076293945,6548800
2024-10-29,42.150001525878906,42.70000076293945,41.959999084472656,42.36000061035156,3785300
2024-10-30,42.630001068115234,42.86000061035156,41.900001525878906,41.95000076293945,7929600
2024-10-31,42.02000045776367,42.86000061035156,41.689998626708984,42.45000076293945,5608100
2024-11-01,40.7599983215332,42.529998779296875,40.65999984741211,42.529998779296875,7644300
2024-11-04,42.400001525878906,42.45000076293945,41.04999923706055,41.27000045776367,10621900
2024-11-05,42.33000183105469,42.52000045776367,41.68000030517578,42.20000076293945,5738900
2024-11-06,42.650001525878906,43.11000061035156,41.27000045776367,41.68000030517578,8753400
2024-11-07,42.04999923706055,43.630001068115234,41.70000076293945,42.15999984741211,9153100
2024-11-08,40.900001525878906,41.66999816894531,40.41999816894531,41.66999816894531,13034600
2024-11-11,42.56999969482422,42.56999969482422,40.720001220703125,41.0,15235600
2024-11-12,45.459999084472656,45.93000030517578,43.720001220703125,44.689998626708984,32057900
2024-11-13,45.18000030517578,46.20000076293945,44.40999984741211,45.970001220703125,11078500
2024-11-14,44.72999954223633,45.810001373291016,43.939998626708984,44.72999954223633,20385400
2024-11-18,43.349998474121094,44.599998474121094,43.04999923706055,44.599998474121094,9302000
2024-11-19,43.88999938964844,44.099998474121094,43.029998779296875,43.470001220703125,6676300
2024-11-21,43.540000915527344,43.84000015258789,42.27000045776367,43.34000015258789,9039500
2024-11-22,44.20000076293945,44.349998474121094,43.08000183105469,43.79999923706055,8141600
2024-11-25,43.529998779296875,44.630001068115234,43.529998779296875,44.349998474121094,15243200
2024-11-26,44.08000183105469,44.290000915527344,43.150001525878906,43.779998779296875,10904100
2024-11-27,41.54999923706055,44.290000915527344,41.400001525878906,44.060001373291016,10724100
2024-11-28,39.0,41.31999969482422,38.099998474121094,41.18000030517578,22747600
2024-11-29,37.58000183105469,38.779998779296875,36.4900016784668,38.779998779296875,31617900
2024-12-02,36.619998931884766,37.279998779296875,36.400001525878906,37.189998626708984,19139400
2024-12-03,37.119998931884766,37.470001220703125,36.119998931884766,36.630001068115234,8577300
2024-12-04,36.2599983215332,37.470001220703125,36.189998626708984,36.959999084472656,8575900
2024-12-05,37.0,37.290000915527344,36.58000183105469,36.900001525878906,10309800
2024-12-06,34.81999969482422,36.90999984741211,34.40999984741211,36.79999923706055,15110400
2024-12-09,33.45000076293945,35.220001220703125,33.290000915527344,34.93000030517578,12007900
2024-12-10,34.43000030517578,34.95000076293945,33.5,34.02000045776367,15291800
2024-12-11,35.43000030517578,36.869998931884766,34.369998931884766,34.83000183105469,18480200
2024-12-12,33.75,34.689998626708984,33.529998779296875,34.65999984741211,10021300
2024-12-13,32.22999954223633,34.0,32.060001373291016,33.900001525878906,16364100
2024-12-16,30.709999084472656,32.459999084472656,30.639999389648438,32.27000045776367,12672800
2024-12-17,31.18000030517578,31.489999771118164,29.90999984741211,30.959999084472656,16050300
2024-12-18,29.93000030517578,30.8799991607666,29.719999313354492,30.510000228881836,19605000
2024-12-19,32.54999923706055,32.86000061035156,30.0,30.09000015258789,30378400
2024-12-20,33.68000030517578,34.08000183105469,32.27000045776367,32.41999816894531,25296500
2024-12-23,32.880001068115234,33.56999969482422,32.689998626708984,33.34000015258789,9135300
2024-12-26,32.529998779296875,33.189998626708984,32.439998626708984,32.83000183105469,5695900
2024-12-27,32.5,33.0,32.47999954223633,32.75,5564700
2024-12-30,32.20000076293945,32.72999954223633,31.899999618530273,32.540000915527344,7254000
2025-01-02,32.20000076293945,32.4900016784668,31.399999618530273,32.20000076293945,7729300
2025-01-03,32.279998779296875,32.560001373291016,32.02000045776367,32.060001373291016,7114500
2025-01-06,32.29999923706055,33.38999938964844,32.099998474121094,32.619998931884766,7088000
2025-01-07,32.0,32.61000061035156,31.31999969482422,32.540000915527344,11412100
2025-01-08,30.739999771118164,31.770000457763672,30.18000030517578,31.739999771118164,19262000
2025-01-09,30.280000686645508,30.84000015258789,30.280000686645508,30.75,4407100
2025-01-10,28.8700008392334,30.700000762939453,28.700000762939453,30.15999984741211,12381700
2025-01-13,28.760000228881836,29.329999923706055,28.309999465942383,28.770000457763672,8055800
2025-01-14,29.219999313354492,29.639999389648438,28.760000228881836,28.760000228881836,10366000
2025-01-15,30.969999313354492,31.25,29.469999313354492,29.760000228881836,13854500
2025-01-16,30.239999771118164,30.690000534057617,29.989999771118164,30.690000534057617,8127300
2025-01-17,30.440000534057617,30.809999465942383,29.6200008392334,30.510000228881836,7855900
2025-01-20,30.579999923706055,31.0,29.850000381469727,30.0,4633500
2025-01-21,30.559999465942383,30.860000610351562,30.200000762939453,30.56999969482422,5465200
2025-01-22,30.530000686645508,31.1299991607666,29.90999984741211,31.079999923706055,9124300
2025-01-23,30.030000686645508,30.969999313354492,29.989999771118164,30.65999984741211,8237300
2025-01-24,30.31999969482422,30.81999969482422,29.899999618530273,30.079999923706055,6545700
2025-01-27,31.709999084472656,31.8799991607666,30.09000015258789,30.299999237060547,9469100
2025-01-28,31.3700008392334,31.860000610351562,31.030000686645508,31.5,6065500
2025-01-29,30.18000030517578,31.649999618530273,30.010000228881836,31.559999465942383,14495900
2025-01-30,31.65999984741211,32.060001373291016,30.309999465942383,30.399999618530273,11233500
2025-01-31,30.8700008392334,31.969999313354492,30.649999618530273,31.969999313354492,12481800
2025-02-03,31.479999542236328,31.610000610351562,30.520000457763672,30.84000015258789,10400400
2025-02-04,31.65999984741211,32.27000045776367,31.149999618530273,31.290000915527344,7933600
2025-02-05,31.59000015258789,31.84000015258789,31.149999618530273,31.6299991607666,5818900
2025-02-06,31.889999389648438,32.13999938964844,31.219999313354492,31.450000762939453,8533500
2025-02-07,29.940000534057617,32.08000183105469,29.760000228881836,31.889999389648438,11721800
2025-02-10,30.229999542236328,30.959999084472656,30.0,30.030000686645508,6710100
2025-02-11,31.030000686645508,31.770000457763672,29.899999618530273,30.34000015258789,11075200
2025-02-12,30.68000030517578,31.059999465942383,30.049999237060547,30.56999969482422,18057500
2025-02-13,29.739999771118164,30.489999771118164,29.229999542236328,30.450000762939453,12867600
2025-02-14,31.610000610351562,31.899999618530273,29.809999465942383,30.219999313354492,15140500
2025-02-17,32.470001220703125,33.310001373291016,31.56999969482422,31.829999923706055,13495100
2025-02-18,32.0,32.83000183105469,31.549999237060547,32.470001220703125,10882000
2025-02-19,30.450000762939453,31.559999465942383,30.440000534057617,31.309999465942383,6795500
2025-02-20,30.350000381469727,30.809999465942383,30.18000030517578,30.530000686645508,5907700
2025-02-21,29.239999771118164,30.420000076293945,28.770000457763672,30.420000076293945,15300800
2025-02-24,27.8700008392334,29.649999618530273,27.8700008392334,29.40999984741211,10900800
2025-02-25,28.34000015258789,28.479999542236328,27.670000076293945,28.030000686645508,10975800
2025-02-26,27.639999389648438,28.850000381469727,27.639999389648438,28.540000915527344,7351200
2025-02-27,27.600000381469727,28.100000381469727,27.329999923706055,27.670000076293945,20623700
2025-02-28,28.100000381469727,28.81999969482422,26.719999313354492,28.0,30888400
2025-03-05,28.100000381469727,28.81999969482422,27.290000915527344,28.75,8350900
2025-03-06,28.31999969482422,28.68000030517578,27.979999542236328,28.200000762939453,7316200
2025-03-07,29.81999969482422,30.139999389648438,27.899999618530273,28.0,13520000
2025-03-10,29.75,30.389999389648438,29.440000534057617,29.59000015258789,14144300
2025-03-11,30.020000457763672,30.18000030517578,29.6200008392334,29.75,8500200
2025-03-12,30.350000381469727,30.690000534057617,29.559999465942383,30.09000015258789,7071500
2025-03-13,31.260000228881836,31.489999771118164,30.25,30.34000015258789,9731300
2025-03-14,32.849998474121094,32.939998626708984,31.399999618530273,31.450000762939453,14413000
2025-03-17,33.369998931884766,33.869998931884766,32.68000030517578,33.0,11392800
2025-03-18,32.88999938964844,33.900001525878906,32.810001373291016,33.33000183105469,8764200
2025-03-19,33.599998474121094,33.939998626708984,32.63999938964844,32.88999938964844,13044800
2025-03-20,33.13999938964844,33.66999816894531,32.91999816894531,33.38999938964844,4686700
2025-03-21,33.459999084472656,33.630001068115234,33.060001373291016,33.220001220703125,11479800
2025-03-24,32.540000915527344,33.84000015258789,32.540000915527344,33.790000915527344,5016900
2025-03-25,33.2400016784668,33.93000030517578,32.61000061035156,32.61000061035156,6588000
2025-03-26,34.81999969482422,35.2400016784668,33.41999816894531,33.41999816894531,14207800
2025-03-27,34.75,35.54999923706055,34.15999984741211,34.7400016784668,9600700
2025-03-28,34.47999954223633,34.779998779296875,33.79999923706055,34.63999938964844,6140800
2025-03-31,33.59000015258789,34.380001068115234,33.06999969482422,34.16999816894531,6678500
2025-04-01,35.099998474121094,35.540000915527344,33.599998474121094,33.900001525878906,9532200
2025-04-02,36.45000076293945,36.66999816894531,35.08000183105469,35.099998474121094,13764300
2025-04-03,37.2400016784668,37.7599983215332,36.04999923706055,36.099998474121094,11703000
2025-04-04,36.099998474121094,36.54999923706055,35.59000015258789,36.29999923706055,10349100
2025-04-07,35.810001373291016,37.5,34.959999084472656,35.650001525878906,15628500
2025-04-08,35.70000076293945,36.79999923706055,35.68000030517578,36.16999816894531,11835700
2025-04-09,36.970001220703125,37.56999969482422,34.81999969482422,35.560001373291016,13152400
2025-04-10,37.400001525878906,37.59000015258789,36.29999923706055,36.68000030517578,10248500
2025-04-11,38.56999969482422,39.47999954223633,37.25,37.560001373291016,13522200
2025-04-14,39.2599983215332,39.72999954223633,38.56999969482422,39.29999923706055,8919600
2025-04-15,39.400001525878906,39.779998779296875,38.79999923706055,39.0,8923900
2025-04-16,38.75,39.619998931884766,38.47999954223633,39.29999923706055,11699600
2025-04-17,40.25,40.36000061035156,38.2599983215332,38.540000915527344,7870500
2025-04-22,39.150001525878906,40.02000045776367,39.029998779296875,39.79999923706055,11770600
2025-04-23,40.36000061035156,40.880001068115234,39.36000061035156,39.650001525878906,8109500
2025-04-24,41.599998474121094,42.0,40.22999954223633,40.599998474121094,7810300
2025-04-25,42.810001373291016,43.27000045776367,41.27000045776367,41.779998779296875,11649400
2025-04-28,43.060001373291016,43.70000076293945,42.33000183105469,42.9900016784668,11384400
2025-04-29,43.18000030517578,43.68000030517578,43.040000915527344,43.209999084472656,12355600
2025-04-30,42.959999084472656,43.65999984741211,41.849998474121094,42.95000076293945,10644700
2025-05-02,43.099998474121094,43.18000030517578,42.43000030517578,42.900001525878906,8818900
2025-05-05,43.060001373291016,43.2599983215332,42.72999954223633,43.150001525878906,13678700
2025-05-06,42.0,43.70000076293945,41.439998626708984,43.18000030517578,13864700
2025-05-07,42.09000015258789,42.279998779296875,41.33000183105469,42.22999954223633,7422400
2025-05-08,43.900001525878906,44.400001525878906,43.0,43.650001525878906,10529200
2025-05-09,41.0,44.58000183105469,40.81999969482422,43.86000061035156,12333500
2025-05-12,41.5,41.630001068115234,40.619998931884766,41.15999984741211,12763600
2025-05-13,41.7400016784668,42.7400016784668,41.47999954223633,41.61000061035156,7971200
2025-05-14,39.709999084472656,41.63999938964844,39.61000061035156,41.63999938964844,7593500
2025-05-15,40.75,41.060001373291016,39.900001525878906,39.91999816894531,7356500
2025-05-16,41.84000015258789,42.31999969482422,40.310001373291016,40.31999969482422,8018900
2025-05-19,42.099998474121094,43.16999816894531,41.68000030517578,41.939998626708984,9366600
2025-05-20,41.70000076293945,42.439998626708984,40.31999969482422,42.209999084472656,6142000
2025-05-21,40.36000061035156,41.45000076293945,39.95000076293945,41.45000076293945,16901900
2025-05-22,40.560001373291016,41.599998474121094,40.0099983215332,40.47999954223633,7317900
2025-05-23,40.59000015258789,40.83000183105469,38.400001525878906,40.119998931884766,7352100
2025-05-26,40.849998474121094,41.25,40.43000030517578,40.65999984741211,3912400
2025-05-27,42.650001525878906,43.2599983215332,41.779998779296875,42.04999923706055,14070500
2025-05-28,43.31999969482422,44.29999923706055,42.130001068115234,42.45000076293945,16937200
2025-05-29,43.439998626708984,44.349998474121094,42.95000076293945,42.95000076293945,9041300
2025-05-30,42.959999084472656,43.72999954223633,42.689998626708984,43.290000915527344,13338300
2025-06-02,43.310001373291016,44.20000076293945,42.380001068115234,43.29999923706055,7736700
